<?xml version="1.0" encoding="UTF-8" ?>  

<!DOCTYPE struts PUBLIC  
"-//Apache Software Foundation//DTD Struts Configuration 2.3//EN"  
"http://struts.apache.org/dtds/struts-2.3.dtd">  

<struts>  

    <constant name="struts.i18n.reload" value="false" />  
    <constant name="struts.devMode" value="false" />  

 

    <package name="default" extends="struts-default" namespace="/">  


        <action name="subjectAdd" class="com.leon.action.SubjectAddAction">
            <result name="success" type="redirect">/teacher/subjectAdd.jsp</result>
            <result name="input">/teacher/subjectAdd.jsp</result>
        </action>

        <action name="subjectShow" class="com.leon.action.SubjectParticularAction">
            <result name="success">/teacher/subjectShow.jsp</result>
        </action>


    </package>  

</struts>  