<?xml version="1.0" encoding="UTF-8"?>
<!DOCTYPE hibernate-configuration PUBLIC "-//Hibernate/Hibernate Configuration DTD 3.0//EN"
                                         "http://hibernate.sourceforge.net/hibernate-configuration-3.0.dtd">
<hibernate-configuration>
 <session-factory name="">
  <property name="dialect">org.hibernate.dialect.MySQLDialect</property>
  <property name="connection.url">jdbc:mysql://localhost:3306/db_examsystem</property>
  <property name="connection.username">root</property>
  <property name="connection.password">password</property>
  <property name="connection.driver_class">com.mysql.jdbc.Driver</property>
  <property name="show_sql">true</property>
  <mapping resource="com/leon/demo/Dbuser.hbm.xml" />
 </session-factory>
</hibernate-configuration>