<?xml version="1.0"?>
<!DOCTYPE hibernate-mapping PUBLIC "-//Hibernate/Hibernate Mapping DTD 3.0//EN"
"http://hibernate.sourceforge.net/hibernate-mapping-3.0.dtd">
<!-- Generated 2013-10-22 15:28:34 by Hibernate Tools 3.4.0.CR1 -->
<hibernate-mapping>
    <class name="com.leon.demo.Dbuser" table="DBUSER" schema="GZIP_BASE">
        <id name="userId" type="int">
            <column name="USER_ID" precision="5" scale="0" />
            <generator class="assigned" />
        </id>
        <property name="username" type="string">
            <column name="USERNAME" length="20" />
        </property>
        <property name="createdBy" type="string">
            <column name="CREATED_BY" length="20" />
        </property>
        <property name="createdDate" type="date">
            <column name="CREATED_DATE" length="7" />
        </property>
    </class>
</hibernate-mapping>